{
  "Swirling Mines": {
    "screen_right_world": [
      -0.24333333333333335,
      1.6633333333333333
    ],
    "screen_down_world": [
      -2.3366666666666664,
      -0.04666666666666667
    ],
    "inv": [
      -0.011971917302556008,
      0.5994510020779829,
      -0.4267133381411034,
      -0.06242499736332775
    ]
  },
  "High Court Maze": {
    "screen_right_world": [
      1.0233333333333334,
      1.34
    ],
    "screen_down_world": [
      -1.6833333333333333,
      1.6366666666666667
    ],
    "inv": [
      0.41639929101872236,
      0.4282721832269955,
      -0.3409216191232717,
      0.2603555648528468
    ]
  },
  "Defiled Side Chamber": {
    "screen_right_world": [
      -1.335576171875,
      1.0083170572916667
    ],
    "screen_down_world": [
      -1.6166666666666667,
      -1.6833333333333333
    ],
    "inv": [
      -0.4340353356510832,
      0.416845817407476,
      -0.2599872667748323,
      -0.3443686645825868
    ]
  },
  "Deserted District": {
    "screen_right_world": [
      1.34,
      -1.0166666666666666
    ],
    "screen_down_world": [
      1.63,
      1.69
    ],
    "inv": [
      0.4309282381239748,
      -0.4156290107349579,
      0.2592369085361189,
      0.34168274502137647
    ]
  },
  "Singing Sand": {
    "screen_right_world": [
      -1.3466666666666667,
      0.9866666666666667
    ],
    "screen_down_world": [
      -1.6233333333333333,
      -1.6766666666666667
    ],
    "inv": [
      -0.4344146198224341,
      0.42059626213424534,
      -0.25563961723149203,
      -0.34891353162676614
    ]
  },
  "Shadow Outpost": {
    "screen_right_world": [
      -0.23,
      1.6733333333333333
    ],
    "screen_down_world": [
      -2.34,
      -0.03333333333333333
    ],
    "inv": [
      -0.008496321092966745,
      0.5964417407262654,
      -0.42651531886693056,
      -0.05862461554147054
    ]
  },
  "Abandoned Mines": {
    "screen_right_world": [
      -0.25,
      1.67
    ],
    "screen_down_world": [
      -2.3333333333333335,
      -0.043333333333333335
    ],
    "inv": [
      -0.01108978460226061,
      0.5971422478140329,
      -0.4273832373640435,
      -0.06397952655150352
    ]
  },
  "Rainforest of Divine Legacy": {
    "screen_right_world": [
      -0.23994832356770834,
      1.6465498860677084
    ],
    "screen_down_world": [
      -2.36,
      -0.03666666666666667
    ],
    "inv": [
      -0.009414610226853342,
      0.6059585491465606,
      -0.42277160171992506,
      -0.06160963475391441
    ]
  },
  "Grimwind Woods": {
    "screen_right_world": [
      0.9898347981770833,
      1.3376497395833333
    ],
    "screen_down_world": [
      -1.6766666666666667,
      1.6233333333333333
    ],
    "inv": [
      0.4216861439948872,
      0.43554030888999645,
      -0.3474753762016391,
      0.25712502211617144
    ]
  },
  "Wall of the Last Breath": {
    "screen_right_world": [
      -1.3333333333333333,
      1.0066666666666666
    ],
    "screen_down_world": [
      -1.6233333333333333,
      -1.68
    ],
    "inv": [
      -0.43364288705208875,
      0.4190160436396175,
      -0.25984157120978335,
      -0.3441610214699117
    ]
  },
  "Blustery Canyon": {
    "screen_right_world": [
      -0.24,
      1.6466666666666667
    ],
    "screen_down_world": [
      -2.3366666666666664,
      -0.03
    ],
    "inv": [
      -0.007782280611744903,
      0.6061531898703529,
      -0.42716073580022024,
      -0.06225824489395922
    ]
  },
  "Demiman Village": {
    "screen_right_world": [
      -0.2241,
      1.6884
    ],
    "screen_down_world": [
      -2.3433,
      -0.0367
    ],
    "inv": [
      -0.009256801918858866,
      0.5910480636638141,
      -0.4258633340545315,
      -0.05652450436011639
    ]
  },
  "Embers Rest": {
    "screen_right_world": [
      -0.24666666666666667,
      1.6666666666666667
    ],
    "screen_down_world": [
      -0.303720703125,
      -0.037373046875
    ],
    "inv": [
      -0.07250990892967644,
      0.5892685334784078,
      -3.23360973538841,
      -0.4785742408374847
    ]
  }
}